{"Version":1,"ManifestType":"Build","Endpoints":[{"Route":"css/app.css","AssetFile":"css/app.css.gz","Selectors":[{"Name":"Content-Encoding","Value":"gzip","Quality":"0.000593824228"}],"ResponseHeaders":[{"Name":"Accept-Ranges","Value":"bytes"},{"Name":"Cache-Control","Value":"no-cache"},{"Name":"Content-Encoding","Value":"gzip"},{"Name":"Content-Length","Value":"1683"},{"Name":"Content-Type","Value":"text/css"},{"Name":"ETag","Value":"\"WhYGxHGAOKr+VI8n3XWlcNh1A40nOx+XnMDjfbzsoPI=\""},{"Name":"ETag","Value":"W/\"HHODzJ4FLS5Wf/cD7L+fEH2gs2VDJRbIoExN9dQ9X3Q=\""},{"Name":"Last-Modified","Value":"Wed, 15 Oct 2025 16:36:20 GMT"},{"Name":"Vary","Value":"Content-Encoding"}],"EndpointProperties":[{"Name":"integrity","Value":"sha256-HHODzJ4FLS5Wf/cD7L+fEH2gs2VDJRbIoExN9dQ9X3Q="}]},{"Route":"css/app.css","AssetFile":"css/app.css","Selectors":[],"ResponseHeaders":[{"Name":"Accept-Ranges","Value":"bytes"},{"Name":"Cache-Control","Value":"no-cache"},{"Name":"Content-Length","Value":"6060"},{"Name":"Content-Type","Value":"text/css"},{"Name":"ETag","Value":"\"HHODzJ4FLS5Wf/cD7L+fEH2gs2VDJRbIoExN9dQ9X3Q=\""},{"Name":"Last-Modified","Value":"Wed, 15 Oct 2025 16:25:07 GMT"}],"EndpointProperties":[{"Name":"integrity","Value":"sha256-HHODzJ4FLS5Wf/cD7L+fEH2gs2VDJRbIoExN9dQ9X3Q="}]},{"Route":"css/app.css.gz","AssetFile":"css/app.css.gz","Selectors":[],"ResponseHeaders":[{"Name":"Accept-Ranges","Value":"bytes"},{"Name":"Cache-Control","Value":"no-cache"},{"Name":"Content-Encoding","Value":"gzip"},{"Name":"Content-Length","Value":"1683"},{"Name":"Content-Type","Value":"text/css"},{"Name":"ETag","Value":"\"WhYGxHGAOKr+VI8n3XWlcNh1A40nOx+XnMDjfbzsoPI=\""},{"Name":"Last-Modified","Value":"Wed, 15 Oct 2025 16:36:20 GMT"},{"Name":"Vary","Value":"Content-Encoding"}],"EndpointProperties":[{"Name":"integrity","Value":"sha256-WhYGxHGAOKr+VI8n3XWlcNh1A40nOx+XnMDjfbzsoPI="}]},{"Route":"css/app.kicn448plk.css","AssetFile":"css/app.css.gz","Selectors":[{"Name":"Content-Encoding","Value":"gzip","Quality":"0.000593824228"}],"ResponseHeaders":[{"Name":"Accept-Ranges","Value":"bytes"},{"Name":"Cache-Control","Value":"max-age=31536000, immutable"},{"Name":"Content-Encoding","Value":"gzip"},{"Name":"Content-Length","Value":"1683"},{"Name":"Content-Type","Value":"text/css"},{"Name":"ETag","Value":"\"WhYGxHGAOKr+VI8n3XWlcNh1A40nOx+XnMDjfbzsoPI=\""},{"Name":"ETag","Value":"W/\"HHODzJ4FLS5Wf/cD7L+fEH2gs2VDJRbIoExN9dQ9X3Q=\""},{"Name":"Last-Modified","Value":"Wed, 15 Oct 2025 16:36:20 GMT"},{"Name":"Vary","Value":"Content-Encoding"}],"EndpointProperties":[{"Name":"fingerprint","Value":"kicn448plk"},{"Name":"integrity","Value":"sha256-HHODzJ4FLS5Wf/cD7L+fEH2gs2VDJRbIoExN9dQ9X3Q="},{"Name":"label","Value":"css/app.css"}]},{"Route":"css/app.kicn448plk.css","AssetFile":"css/app.css","Selectors":[],"ResponseHeaders":[{"Name":"Accept-Ranges","Value":"bytes"},{"Name":"Cache-Control","Value":"max-age=31536000, immutable"},{"Name":"Content-Length","Value":"6060"},{"Name":"Content-Type","Value":"text/css"},{"Name":"ETag","Value":"\"HHODzJ4FLS5Wf/cD7L+fEH2gs2VDJRbIoExN9dQ9X3Q=\""},{"Name":"Last-Modified","Value":"Wed, 15 Oct 2025 16:25:07 GMT"}],"EndpointProperties":[{"Name":"fingerprint","Value":"kicn448plk"},{"Name":"integrity","Value":"sha256-HHODzJ4FLS5Wf/cD7L+fEH2gs2VDJRbIoExN9dQ9X3Q="},{"Name":"label","Value":"css/app.css"}]},{"Route":"css/app.kicn448plk.css.gz","AssetFile":"css/app.css.gz","Selectors":[],"ResponseHeaders":[{"Name":"Accept-Ranges","Value":"bytes"},{"Name":"Cache-Control","Value":"max-age=31536000, immutable"},{"Name":"Content-Encoding","Value":"gzip"},{"Name":"Content-Length","Value":"1683"},{"Name":"Content-Type","Value":"text/css"},{"Name":"ETag","Value":"\"WhYGxHGAOKr+VI8n3XWlcNh1A40nOx+XnMDjfbzsoPI=\""},{"Name":"Last-Modified","Value":"Wed, 15 Oct 2025 16:36:20 GMT"},{"Name":"Vary","Value":"Content-Encoding"}],"EndpointProperties":[{"Name":"fingerprint","Value":"kicn448plk"},{"Name":"integrity","Value":"sha256-WhYGxHGAOKr+VI8n3XWlcNh1A40nOx+XnMDjfbzsoPI="},{"Name":"label","Value":"css/app.css.gz"}]},{"Route":"css/bootstrap.min.css","AssetFile":"css/bootstrap.min.css.gz","Selectors":[{"Name":"Content-Encoding","Value":"gzip","Quality":"0.000043572985"}],"ResponseHeaders":[{"Name":"Accept-Ranges","Value":"bytes"},{"Name":"Cache-Control","Value":"no-cache"},{"Name":"Content-Encoding","Value":"gzip"},{"Name":"Content-Length","Value":"22949"},{"Name":"Content-Type","Value":"text/css"},{"Name":"ETag","Value":"\"6JADoAQWRcKiGIWn26D62ebtRDmFh08G9fxSPr+R64w=\""},{"Name":"ETag","Value":"W/\"djO3wMl9GeaC/u6K+ic4Uj/LKhRUSlUFcsruzS7v5ms=\""},{"Name":"Last-Modified","Value":"Wed, 15 Oct 2025 16:36:20 GMT"},{"Name":"Vary","Value":"Content-Encoding"}],"EndpointProperties":[{"Name":"integrity","Value":"sha256-djO3wMl9GeaC/u6K+ic4Uj/LKhRUSlUFcsruzS7v5ms="}]},{"Route":"css/bootstrap.min.css","AssetFile":"css/bootstrap.min.css","Selectors":[],"ResponseHeaders":[{"Name":"Accept-Ranges","Value":"bytes"},{"Name":"Cache-Control","Value":"no-cache"},{"Name":"Content-Length","Value":"155845"},{"Name":"Content-Type","Value":"text/css"},{"Name":"ETag","Value":"\"djO3wMl9GeaC/u6K+ic4Uj/LKhRUSlUFcsruzS7v5ms=\""},{"Name":"Last-Modified","Value":"Tue, 22 Jun 2021 18:25:36 GMT"}],"EndpointProperties":[{"Name":"integrity","Value":"sha256-djO3wMl9GeaC/u6K+ic4Uj/LKhRUSlUFcsruzS7v5ms="}]},{"Route":"css/bootstrap.min.css.gz","AssetFile":"css/bootstrap.min.css.gz","Selectors":[],"ResponseHeaders":[{"Name":"Accept-Ranges","Value":"bytes"},{"Name":"Cache-Control","Value":"no-cache"},{"Name":"Content-Encoding","Value":"gzip"},{"Name":"Content-Length","Value":"22949"},{"Name":"Content-Type","Value":"text/css"},{"Name":"ETag","Value":"\"6JADoAQWRcKiGIWn26D62ebtRDmFh08G9fxSPr+R64w=\""},{"Name":"Last-Modified","Value":"Wed, 15 Oct 2025 16:36:20 GMT"},{"Name":"Vary","Value":"Content-Encoding"}],"EndpointProperties":[{"Name":"integrity","Value":"sha256-6JADoAQWRcKiGIWn26D62ebtRDmFh08G9fxSPr+R64w="}]},{"Route":"css/bootstrap.min.i6ufqnjp46.css","AssetFile":"css/bootstrap.min.css.gz","Selectors":[{"Name":"Content-Encoding","Value":"gzip","Quality":"0.000043572985"}],"ResponseHeaders":[{"Name":"Accept-Ranges","Value":"bytes"},{"Name":"Cache-Control","Value":"max-age=31536000, immutable"},{"Name":"Content-Encoding","Value":"gzip"},{"Name":"Content-Length","Value":"22949"},{"Name":"Content-Type","Value":"text/css"},{"Name":"ETag","Value":"\"6JADoAQWRcKiGIWn26D62ebtRDmFh08G9fxSPr+R64w=\""},{"Name":"ETag","Value":"W/\"djO3wMl9GeaC/u6K+ic4Uj/LKhRUSlUFcsruzS7v5ms=\""},{"Name":"Last-Modified","Value":"Wed, 15 Oct 2025 16:36:20 GMT"},{"Name":"Vary","Value":"Content-Encoding"}],"EndpointProperties":[{"Name":"fingerprint","Value":"i6ufqnjp46"},{"Name":"integrity","Value":"sha256-djO3wMl9GeaC/u6K+ic4Uj/LKhRUSlUFcsruzS7v5ms="},{"Name":"label","Value":"css/bootstrap.min.css"}]},{"Route":"css/bootstrap.min.i6ufqnjp46.css","AssetFile":"css/bootstrap.min.css","Selectors":[],"ResponseHeaders":[{"Name":"Accept-Ranges","Value":"bytes"},{"Name":"Cache-Control","Value":"max-age=31536000, immutable"},{"Name":"Content-Length","Value":"155845"},{"Name":"Content-Type","Value":"text/css"},{"Name":"ETag","Value":"\"djO3wMl9GeaC/u6K+ic4Uj/LKhRUSlUFcsruzS7v5ms=\""},{"Name":"Last-Modified","Value":"Tue, 22 Jun 2021 18:25:36 GMT"}],"EndpointProperties":[{"Name":"fingerprint","Value":"i6ufqnjp46"},{"Name":"integrity","Value":"sha256-djO3wMl9GeaC/u6K+ic4Uj/LKhRUSlUFcsruzS7v5ms="},{"Name":"label","Value":"css/bootstrap.min.css"}]},{"Route":"css/bootstrap.min.i6ufqnjp46.css.gz","AssetFile":"css/bootstrap.min.css.gz","Selectors":[],"ResponseHeaders":[{"Name":"Accept-Ranges","Value":"bytes"},{"Name":"Cache-Control","Value":"max-age=31536000, immutable"},{"Name":"Content-Encoding","Value":"gzip"},{"Name":"Content-Length","Value":"22949"},{"Name":"Content-Type","Value":"text/css"},{"Name":"ETag","Value":"\"6JADoAQWRcKiGIWn26D62ebtRDmFh08G9fxSPr+R64w=\""},{"Name":"Last-Modified","Value":"Wed, 15 Oct 2025 16:36:20 GMT"},{"Name":"Vary","Value":"Content-Encoding"}],"EndpointProperties":[{"Name":"fingerprint","Value":"i6ufqnjp46"},{"Name":"integrity","Value":"sha256-6JADoAQWRcKiGIWn26D62ebtRDmFh08G9fxSPr+R64w="},{"Name":"label","Value":"css/bootstrap.min.css.gz"}]},{"Route":"uploads/7ba8728f-f0d0-4913-b129-4675e9a2b309_font00_usa.fgen.8mbfj39yis.phyre","AssetFile":"uploads/7ba8728f-f0d0-4913-b129-4675e9a2b309_font00_usa.fgen.phyre","Selectors":[],"ResponseHeaders":[{"Name":"Accept-Ranges","Value":"bytes"},{"Name":"Cache-Control","Value":"max-age=31536000, immutable"},{"Name":"Content-Length","Value":"5757658"},{"Name":"Content-Type","Value":"application/octet-stream"},{"Name":"ETag","Value":"\"cChQ/BpD7dHUGud5Mv7pOTuxwVtsz7WEnHH/m34UeO0=\""},{"Name":"Last-Modified","Value":"Wed, 15 Oct 2025 16:24:16 GMT"}],"EndpointProperties":[{"Name":"fingerprint","Value":"8mbfj39yis"},{"Name":"integrity","Value":"sha256-cChQ/BpD7dHUGud5Mv7pOTuxwVtsz7WEnHH/m34UeO0="},{"Name":"label","Value":"uploads/7ba8728f-f0d0-4913-b129-4675e9a2b309_font00_usa.fgen.phyre"}]},{"Route":"uploads/7ba8728f-f0d0-4913-b129-4675e9a2b309_font00_usa.fgen.phyre","AssetFile":"uploads/7ba8728f-f0d0-4913-b129-4675e9a2b309_font00_usa.fgen.phyre","Selectors":[],"ResponseHeaders":[{"Name":"Accept-Ranges","Value":"bytes"},{"Name":"Cache-Control","Value":"no-cache"},{"Name":"Content-Length","Value":"5757658"},{"Name":"Content-Type","Value":"application/octet-stream"},{"Name":"ETag","Value":"\"cChQ/BpD7dHUGud5Mv7pOTuxwVtsz7WEnHH/m34UeO0=\""},{"Name":"Last-Modified","Value":"Wed, 15 Oct 2025 16:24:16 GMT"}],"EndpointProperties":[{"Name":"integrity","Value":"sha256-cChQ/BpD7dHUGud5Mv7pOTuxwVtsz7WEnHH/m34UeO0="}]},{"Route":"uploads/8eac077d-74b7-4900-83d5-93c4c2d9e635_font00_usa.fgen.8mbfj39yis.phyre","AssetFile":"uploads/8eac077d-74b7-4900-83d5-93c4c2d9e635_font00_usa.fgen.phyre","Selectors":[],"ResponseHeaders":[{"Name":"Accept-Ranges","Value":"bytes"},{"Name":"Cache-Control","Value":"max-age=31536000, immutable"},{"Name":"Content-Length","Value":"5757658"},{"Name":"Content-Type","Value":"application/octet-stream"},{"Name":"ETag","Value":"\"cChQ/BpD7dHUGud5Mv7pOTuxwVtsz7WEnHH/m34UeO0=\""},{"Name":"Last-Modified","Value":"Wed, 15 Oct 2025 16:23:58 GMT"}],"EndpointProperties":[{"Name":"fingerprint","Value":"8mbfj39yis"},{"Name":"integrity","Value":"sha256-cChQ/BpD7dHUGud5Mv7pOTuxwVtsz7WEnHH/m34UeO0="},{"Name":"label","Value":"uploads/8eac077d-74b7-4900-83d5-93c4c2d9e635_font00_usa.fgen.phyre"}]},{"Route":"uploads/8eac077d-74b7-4900-83d5-93c4c2d9e635_font00_usa.fgen.phyre","AssetFile":"uploads/8eac077d-74b7-4900-83d5-93c4c2d9e635_font00_usa.fgen.phyre","Selectors":[],"ResponseHeaders":[{"Name":"Accept-Ranges","Value":"bytes"},{"Name":"Cache-Control","Value":"no-cache"},{"Name":"Content-Length","Value":"5757658"},{"Name":"Content-Type","Value":"application/octet-stream"},{"Name":"ETag","Value":"\"cChQ/BpD7dHUGud5Mv7pOTuxwVtsz7WEnHH/m34UeO0=\""},{"Name":"Last-Modified","Value":"Wed, 15 Oct 2025 16:23:58 GMT"}],"EndpointProperties":[{"Name":"integrity","Value":"sha256-cChQ/BpD7dHUGud5Mv7pOTuxwVtsz7WEnHH/m34UeO0="}]},{"Route":"uploads/cd5d3487-6c7b-4b8b-a479-c2aeed43f002_font00_usa.fgen.8mbfj39yis.phyre","AssetFile":"uploads/cd5d3487-6c7b-4b8b-a479-c2aeed43f002_font00_usa.fgen.phyre","Selectors":[],"ResponseHeaders":[{"Name":"Accept-Ranges","Value":"bytes"},{"Name":"Cache-Control","Value":"max-age=31536000, immutable"},{"Name":"Content-Length","Value":"5757658"},{"Name":"Content-Type","Value":"application/octet-stream"},{"Name":"ETag","Value":"\"cChQ/BpD7dHUGud5Mv7pOTuxwVtsz7WEnHH/m34UeO0=\""},{"Name":"Last-Modified","Value":"Wed, 15 Oct 2025 16:24:30 GMT"}],"EndpointProperties":[{"Name":"fingerprint","Value":"8mbfj39yis"},{"Name":"integrity","Value":"sha256-cChQ/BpD7dHUGud5Mv7pOTuxwVtsz7WEnHH/m34UeO0="},{"Name":"label","Value":"uploads/cd5d3487-6c7b-4b8b-a479-c2aeed43f002_font00_usa.fgen.phyre"}]},{"Route":"uploads/cd5d3487-6c7b-4b8b-a479-c2aeed43f002_font00_usa.fgen.phyre","AssetFile":"uploads/cd5d3487-6c7b-4b8b-a479-c2aeed43f002_font00_usa.fgen.phyre","Selectors":[],"ResponseHeaders":[{"Name":"Accept-Ranges","Value":"bytes"},{"Name":"Cache-Control","Value":"no-cache"},{"Name":"Content-Length","Value":"5757658"},{"Name":"Content-Type","Value":"application/octet-stream"},{"Name":"ETag","Value":"\"cChQ/BpD7dHUGud5Mv7pOTuxwVtsz7WEnHH/m34UeO0=\""},{"Name":"Last-Modified","Value":"Wed, 15 Oct 2025 16:24:30 GMT"}],"EndpointProperties":[{"Name":"integrity","Value":"sha256-cChQ/BpD7dHUGud5Mv7pOTuxwVtsz7WEnHH/m34UeO0="}]},{"Route":"uploads/de0a373b-fb7a-4aca-b10c-25969ecc7b2c_1.jxg2vxhbxl.phyre","AssetFile":"uploads/de0a373b-fb7a-4aca-b10c-25969ecc7b2c_1.phyre","Selectors":[],"ResponseHeaders":[{"Name":"Accept-Ranges","Value":"bytes"},{"Name":"Cache-Control","Value":"max-age=31536000, immutable"},{"Name":"Content-Length","Value":"5757658"},{"Name":"Content-Type","Value":"application/octet-stream"},{"Name":"ETag","Value":"\"ycpSAlbNdez2B6jOeALbvy4askyfHPhKIsQsoH47iAA=\""},{"Name":"Last-Modified","Value":"Wed, 15 Oct 2025 16:24:00 GMT"}],"EndpointProperties":[{"Name":"fingerprint","Value":"jxg2vxhbxl"},{"Name":"integrity","Value":"sha256-ycpSAlbNdez2B6jOeALbvy4askyfHPhKIsQsoH47iAA="},{"Name":"label","Value":"uploads/de0a373b-fb7a-4aca-b10c-25969ecc7b2c_1.phyre"}]},{"Route":"uploads/de0a373b-fb7a-4aca-b10c-25969ecc7b2c_1.phyre","AssetFile":"uploads/de0a373b-fb7a-4aca-b10c-25969ecc7b2c_1.phyre","Selectors":[],"ResponseHeaders":[{"Name":"Accept-Ranges","Value":"bytes"},{"Name":"Cache-Control","Value":"no-cache"},{"Name":"Content-Length","Value":"5757658"},{"Name":"Content-Type","Value":"application/octet-stream"},{"Name":"ETag","Value":"\"ycpSAlbNdez2B6jOeALbvy4askyfHPhKIsQsoH47iAA=\""},{"Name":"Last-Modified","Value":"Wed, 15 Oct 2025 16:24:00 GMT"}],"EndpointProperties":[{"Name":"integrity","Value":"sha256-ycpSAlbNdez2B6jOeALbvy4askyfHPhKIsQsoH47iAA="}]},{"Route":"uploads/e591431f-3444-4764-846f-a9d3181fd863_font00_usa.fgen.8mbfj39yis.phyre","AssetFile":"uploads/e591431f-3444-4764-846f-a9d3181fd863_font00_usa.fgen.phyre","Selectors":[],"ResponseHeaders":[{"Name":"Accept-Ranges","Value":"bytes"},{"Name":"Cache-Control","Value":"max-age=31536000, immutable"},{"Name":"Content-Length","Value":"5757658"},{"Name":"Content-Type","Value":"application/octet-stream"},{"Name":"ETag","Value":"\"cChQ/BpD7dHUGud5Mv7pOTuxwVtsz7WEnHH/m34UeO0=\""},{"Name":"Last-Modified","Value":"Wed, 15 Oct 2025 16:20:49 GMT"}],"EndpointProperties":[{"Name":"fingerprint","Value":"8mbfj39yis"},{"Name":"integrity","Value":"sha256-cChQ/BpD7dHUGud5Mv7pOTuxwVtsz7WEnHH/m34UeO0="},{"Name":"label","Value":"uploads/e591431f-3444-4764-846f-a9d3181fd863_font00_usa.fgen.phyre"}]},{"Route":"uploads/e591431f-3444-4764-846f-a9d3181fd863_font00_usa.fgen.phyre","AssetFile":"uploads/e591431f-3444-4764-846f-a9d3181fd863_font00_usa.fgen.phyre","Selectors":[],"ResponseHeaders":[{"Name":"Accept-Ranges","Value":"bytes"},{"Name":"Cache-Control","Value":"no-cache"},{"Name":"Content-Length","Value":"5757658"},{"Name":"Content-Type","Value":"application/octet-stream"},{"Name":"ETag","Value":"\"cChQ/BpD7dHUGud5Mv7pOTuxwVtsz7WEnHH/m34UeO0=\""},{"Name":"Last-Modified","Value":"Wed, 15 Oct 2025 16:20:49 GMT"}],"EndpointProperties":[{"Name":"integrity","Value":"sha256-cChQ/BpD7dHUGud5Mv7pOTuxwVtsz7WEnHH/m34UeO0="}]}]}