{"ContentRoots":["C:\\Users\\TheLuxifer\\Desktop\\test34\\LZS_inpack\\wwwroot\\","C:\\Users\\TheLuxifer\\Desktop\\test34\\LZS_inpack\\obj\\Release\\net9.0\\compressed\\"],"Root":{"Children":{"css":{"Children":{"app.css":{"Children":null,"Asset":{"ContentRootIndex":0,"SubPath":"css/app.css"},"Patterns":null},"app.css.gz":{"Children":null,"Asset":{"ContentRootIndex":1,"SubPath":"f3jc2nimlv-kicn448plk.gz"},"Patterns":null},"bootstrap.min.css":{"Children":null,"Asset":{"ContentRootIndex":0,"SubPath":"css/bootstrap.min.css"},"Patterns":null},"bootstrap.min.css.gz":{"Children":null,"Asset":{"ContentRootIndex":1,"SubPath":"5cv9fsteqz-i6ufqnjp46.gz"},"Patterns":null}},"Asset":null,"Patterns":null},"uploads":{"Children":{"7ba8728f-f0d0-4913-b129-4675e9a2b309_font00_usa.fgen.phyre":{"Children":null,"Asset":{"ContentRootIndex":0,"SubPath":"uploads/7ba8728f-f0d0-4913-b129-4675e9a2b309_font00_usa.fgen.phyre"},"Patterns":null},"8eac077d-74b7-4900-83d5-93c4c2d9e635_font00_usa.fgen.phyre":{"Children":null,"Asset":{"ContentRootIndex":0,"SubPath":"uploads/8eac077d-74b7-4900-83d5-93c4c2d9e635_font00_usa.fgen.phyre"},"Patterns":null},"cd5d3487-6c7b-4b8b-a479-c2aeed43f002_font00_usa.fgen.phyre":{"Children":null,"Asset":{"ContentRootIndex":0,"SubPath":"uploads/cd5d3487-6c7b-4b8b-a479-c2aeed43f002_font00_usa.fgen.phyre"},"Patterns":null},"de0a373b-fb7a-4aca-b10c-25969ecc7b2c_1.phyre":{"Children":null,"Asset":{"ContentRootIndex":0,"SubPath":"uploads/de0a373b-fb7a-4aca-b10c-25969ecc7b2c_1.phyre"},"Patterns":null},"e591431f-3444-4764-846f-a9d3181fd863_font00_usa.fgen.phyre":{"Children":null,"Asset":{"ContentRootIndex":0,"SubPath":"uploads/e591431f-3444-4764-846f-a9d3181fd863_font00_usa.fgen.phyre"},"Patterns":null}},"Asset":null,"Patterns":null}},"Asset":null,"Patterns":[{"ContentRootIndex":0,"Pattern":"**","Depth":0}]}}